# cmx-lid lexicon: form<TAB>label[:weight][,label:weight...]
# PLACEHOLDER SEED - small and unreviewed. Replace/extend with verified entries.
# Policy: label by USAGE. Nativized loanwords (any origin) are `bam`.
#         Their origin goes in loanword_origin.tsv, never here.

# --- Bambara: pronouns, particles, postpositions -------------------------
n	bam
aw	bam
u	bam
anw	bam
olu	bam
ale	bam
e	bam
ka	bam
ko	bam
ye	bam
ani	bam
walima	bam
nka	bam
fo	bam
kan	bam
wa	bam
tun	bam
kana	bam
fana	bam
min	bam
yan	bam
yen	bam
mun	bam
joli	bam
bolo	bam
fɛ	bam
kɔ	bam
bɛ	bam
tɛ	bam
bɛna	bam
bɛɛ	bam
dɔ	bam
kɔni	bam

# --- Bambara: content words ----------------------------------------------
taa	bam
taara	bam
na	bam
nana	bam
kɛ	bam
fɔ	bam
di	bam
bi	bam
sini	bam
kunun	bam
sisan	bam
sɔgɔma	bam
wula	bam
su	bam
dumuni	bam
tobi	bam
ji	bam
sugu	bam
wari	bam
baara	bam
kalan	bam
karamɔgɔ	bam
denmisɛn	bam
denmisɛnw	bam
muso	bam
cɛ	bam
den	bam
dugu	bam
kɛnɛ	bam
kɛnɛya	bam
kosɛbɛ	bam
tɔgɔ	bam
hɛrɛ	bam
sira	bam
tɔɔrɔ	bam
kisi	bam
bila	bam
tiɲɛna	bam
ten	bam

# --- Nativized loanwords (origin recorded ONLY in loanword_origin.tsv) ----
inchallah	bam
insha'allah	bam
al-hamdoulillah	bam
alhamdulillah	bam
bismillah	bam
barika	bam
ala	bam
seli	bam
kitabu	bam
wakati	bam
dunuya	bam
hakili	bam
alamisa	bam
tarata	bam
juma	bam
lekɔli	bam
lekoli	bam
mobili	bam
taabali	bam
lopital	bam
lopitali	bam
opital	bam
sukaro	bam
biro	bam
polisi	bam
misiri	bam

# --- French ----------------------------------------------------------------
il	fra
elle	fra
nous	fra
vous	fra
ils	fra
le	fra
les	fra
une	fra
des	fra
et	fra
est	fra
pas	fra
mais	fra
avec	fra
pour	fra
dans	fra
sur	fra
au	fra
bien	fra
oui	fra
non	fra
merci	fra
beaucoup	fra
bonjour	fra
demain	fra
aujourd'hui	fra
voir	fra
aller	fra
faut	fra
va	fra
vais	fra
suis	fra
marche	fra
vrai	fra
parti	fra
possible	fra
rien	fra

# --- English ---------------------------------------------------------------
the	eng
and	eng
is	eng
are	eng
you	eng
will	eng
it	eng
of	eng
for	eng
with	eng
meeting	eng
download	eng
tomorrow	eng
broken	eng

# --- Ambiguous: weights are priors, the context decoder decides -----------
a	bam:0.7,fra:0.3
i	bam:0.8,eng:0.2
an	bam:0.8,fra:0.2
la	bam:0.6,fra:0.4
ni	bam:0.7,fra:0.3
ne	bam:0.6,fra:0.4
ma	bam:0.7,fra:0.3
se	bam:0.6,fra:0.4
sa	bam:0.5,fra:0.5
ta	bam:0.5,fra:0.5
tu	bam:0.3,fra:0.7
de	bam:0.4,fra:0.6
don	bam:0.6,fra:0.2,eng:0.2
so	bam:0.6,eng:0.4
to	bam:0.4,eng:0.6
in	bam:0.6,eng:0.4
be	bam:0.5,eng:0.5
on	fra:0.6,eng:0.4
ok	bam:0.34,fra:0.33,eng:0.33
okay	bam:0.34,fra:0.33,eng:0.33
ce	bam:0.4,fra:0.6
si	bam:0.5,fra:0.5
car	fra:0.6,eng:0.4
o	bam:0.85,fra:0.15
y	fra:0.7,eng:0.3
un	fra:0.9,eng:0.1
or	fra:0.5,eng:0.5
son	fra:0.6,eng:0.4
fin	fra:0.6,bam:0.4
du	fra:0.7,bam:0.3
je	fra:0.8,bam:0.2
sera	bam:0.5,fra:0.5
